{
  "students": [
    {
      "fio": "Baiaman ",
      "group": "js-5",
      "urlFoto": "https://st.kp.yandex.net/images/actor_iphone/iphone360_39272.jpg",
      "late": "100",
      "tasks": "90",
      "int": "100",
      "bonus": "13",
      "id": 1
    },
    {
      "fio": "qwer",
      "group": "qwert",
      "urlFoto": "https://scontent.ffru2-1.fna.fbcdn.net/v/t1.0-1/p160x160/15541300_118356781991617_3041378992407434126_n.jpg?_nc_cat=102&_nc_sid=dbb9e7&_nc_eui2=AeGZrVOZNIKJbcKvOnWV7uO0RB36UPXaTNTUEKnCt5ENDRp6N7HAEYS6QiVCVPB-mq6uZNy4Q-ib9jxIgHoxfUrjxYnvTfHtWlDFdGaiJX3g0w&_nc_ohc=GSUdSgzSDOMAX9bMN0T&_nc_ht=scontent.ffru2-1.fna&_nc_tp=6&oh=a3e097a447eb5a52b79bb16dead24800&oe=5EABD6B9",
      "late": "80",
      "tasks": "100",
      "int": "50",
      "bonus": "4",
      "id": 2
    }
  ]
}